{
  "$schema": "https://schema.management.azure.com/schemas/2019-04-01/deploymentTemplate.json#",
  "contentVersion": "1.0.0.0",
  "parameters": {
    "hostingPlanName": {
      "type": "string",
      "defaultValue": "AzSK-AzTS-AppServicePlan"
    },
    "apiHostingPlanName":{
      "type": "string",
      "defaultValue": "AzSK-AzTS-API-AppServicePlan"
    },
    "skuName": {
      "type": "string",
      "defaultValue": "Y1",
      "allowedValues": [
        "F1",
        "D1",
        "B1",
        "B2",
        "B3",
        "S1",
        "S2",
        "S3",
        "P1",
        "P2",
        "P3",
        "P3V2",
        "P2V2",
        "P4",
        "EP3",
        "Y1"
      ],
      "metadata": {
        "description": "Describes plan's pricing tier and capacity. Check details at https://azure.microsoft.com/en-us/pricing/details/app-service/"
      }
    },
    "apiSkuName": {
      "type": "string",
      "defaultValue": "S1",
      "allowedValues": [
        "F1",
        "D1",
        "B1",
        "B2",
        "B3",
        "S1",
        "S2",
        "S3",
        "P1",
        "P2",
        "P3",
        "P4"
      ],
      "metadata": {
        "description": "Describes plan's pricing tier and capacity. Check details at https://azure.microsoft.com/en-us/pricing/details/app-service/"
      }
    },
    "skuCapacity": {
      "type": "int",
      "defaultValue": 1,
      "minValue": 1,
      "metadata": {
        "description": "Describes plan's instance count"
      }
    },
    "storageSKU": {
      "type": "string",
      "defaultValue": "Standard_LRS",
      "allowedValues": [
        "Standard_LRS",
        "Standard_ZRS",
        "Standard_GRS",
        "Standard_RAGRS",
        "Premium_LRS"
      ]
    },
    "runtime": {
      "type": "string",
      "defaultValue": "dotnet",
      "allowedValues": [
        "node",
        "dotnet",
        "java"
      ],
      "metadata": {
        "description": "The language worker runtime to load in the function app."
      }
    },
    "storageContainerName": {
      "type": "string",
      "defaultValue": "azskatsscanresult"
    },
    "storageQueueName": {
      "type": "string",
      "defaultValue": "subjobqueue"
    },

    "laWorkspaceName": {
      "type": "string",
      "defaultValue": "AzSK-AzTS-LAWorkspace"
    },

    "applicationInsightsName": {
      "type": "string",
      "defaultValue": "AzSK-AzTS-AppInsights"
    },

    "internalMIName": {
      "type": "string",
      "defaultValue": "AzSK-AzTS-InternalMI"
    },
    "laSkuName": {
      "type": "string",
      "allowedValues": [
        "pergb2018",
        "Free",
        "Standalone",
        "PerNode",
        "Standard",
        "Premium"
      ],
      "defaultValue": "pergb2018",
      "metadata": {
        "description": "Pricing tier: PerGB2018 or legacy tiers (Free, Standalone, PerNode, Standard or Premium) which are not available to all customers."
      }
    },
    "MIResourceId": {
      "type": "string"
    },
    "TenantId": {
      "type": "string"
    },
    "WebAppClientId": {
      "type": "string"
    },
    "WebApiClientId": {
      "type": "string"
    },
    "ResourceHash": {
      "type": "string"
    },
    "AnonymousUsageTelemetryId": {
      "type": "string"
    },
    "AnonymousUsageTelemetryLogLevel": {
      "type": "string",
      "allowedValues": [
        "None",
        "Anonymous"
      ],
      "defaultValue": "None"
    },
    "RuleEngineWorkflowName": {
      "type": "string"
    }
  },
  "variables": {
    "MetadataAggregator": "[concat('AzSK-AzTS-MetadataAggregator-', parameters('ResourceHash'))]",
    "WorkItemProcessor": "[concat('AzSK-AzTS-WorkItemProcessor-', parameters('ResourceHash'))]",
    "AutoUpdater": "[concat('AzSK-AzTS-AutoUpdater-', parameters('ResourceHash'))]",
    "WebApi": "[concat('AzSK-AzTS-WebApi-', parameters('ResourceHash'))]",
    "WebApp": "[concat('AzSK-AzTS-WebApp-', parameters('ResourceHash'))]",
    "WebAppSlotName": "[concat('Staging-', parameters('ResourceHash'))]",
    "functionWorkerRuntime": "[parameters('runtime')]",
    "storageName": "[concat('azskaztsstorage', parameters('ResourceHash'))]",
    "workspaceName": "[concat('AzSK-AzTS-LAWorkspace-', parameters('ResourceHash'))]",
    "applicationInsightsName": "[parameters('applicationInsightsName')]",
    "internalMIName": "[parameters('internalMIName')]",
    "rgRoleAssignmentGuid": "[guid(resourceGroup().id)]",
    "contributorRoleId": "[concat(subscription().Id, '/providers/Microsoft.Authorization/roleDefinitions/b24988ac-6180-42a0-ab88-20f7382dd24c')]",
    "rgRoleAssignmentName": "[variables('rgRoleAssignmentGuid')]"
  },
  "resources": [
 
    {
      "name": "[variables('storageName')]",
      "type": "Microsoft.Storage/storageAccounts",
      "location": "[resourceGroup().location]",
      "apiVersion": "2019-06-01",
      "sku": {
        "name": "[parameters('storageSKU')]"
      },
      "dependsOn": [],
      "properties": {
        "supportsHttpsTrafficOnly": true
    },
      "tags": {
        "displayName": "azskaztsapp"
      },
      "kind": "StorageV2",
      "resources":[
        {
          "type": "blobServices/containers",
          "apiVersion": "2019-06-01",
          "name": "[concat('default/', parameters('StorageContainerName'))]",
          "dependsOn": [
            "[resourceId('Microsoft.Storage/storageAccounts/', variables('storageName'))]"
          ],
          "properties": {
              "publicAccess": "None"
          }
        }
      ]
    },
    {
      "type": "Microsoft.OperationalInsights/workspaces",
      "name": "[variables('workspaceName')]",
      "apiVersion": "2017-03-15-preview",
      "location": "[resourceGroup().location]",
      "properties": {
        "sku": {
          "name": "[parameters('laSkuName')]"
        },
        "retentionInDays": 120,
        "features": {
          "searchVersion": 1,
          "legacy": 0,
          "enableLogAccessUsingOnlyResourcePermissions": true
        }
      }
    },
    {
      "type": "Microsoft.ManagedIdentity/userAssignedIdentities",
      "name": "[variables('internalMIName')]",
      "apiVersion": "2018-11-30",
      "location": "[resourceGroup().location]"
    },
    {
      "apiVersion": "2015-08-01",
      "name": "[parameters('hostingPlanName')]",
      "type": "Microsoft.Web/serverfarms",
      "location": "[resourceGroup().location]",
      "tags": {
        "displayName": "HostingPlan"
      },
      "sku": {
        "name": "[parameters('skuName')]",
        "capacity": "[parameters('skuCapacity')]",
        "tier": "Dynamic"
      },
      "kind": "functionapp",
      "properties": {
        "name": "[parameters('hostingPlanName')]",
        "computeMode": "Dynamic"
      }
    },
    {
      "apiVersion": "2015-08-01",
      "name": "[parameters('apiHostingPlanName')]",
      "type": "Microsoft.Web/serverfarms",
      "location": "[resourceGroup().location]",
      "tags": {
        "displayName": "ApiHostingPlan"
      },
      "sku": {
        "name": "[parameters('apiSkuName')]",
        "capacity": "[parameters('skuCapacity')]"
      },
      "kind": "app",
      "properties": {
        "name": "[parameters('apiHostingPlanName')]"
      }
    },
    {
      "name": "[variables('WebApi')]",
      "type": "Microsoft.Web/sites",
      "location": "[resourceGroup().location]",
      "apiVersion": "2015-08-01",
      "identity": {
        "type": "UserAssigned",
        "userAssignedIdentities": {
          "[resourceId('Microsoft.ManagedIdentity/userAssignedIdentities/', variables('internalMIName'))]": {
          }
        }
      },
      "dependsOn": [
        "[resourceId('Microsoft.Web/serverfarms', parameters('apiHostingPlanName'))]",
        "[resourceId('Microsoft.ManagedIdentity/userAssignedIdentities/', variables('internalMIName'))]",
        "[resourceId('Microsoft.Storage/storageAccounts/', variables('storageName'))]",
        "[resourceId('Microsoft.OperationalInsights/workspaces/', variables('workspaceName'))]"
      ],
      "tags": {
        "[concat('hidden-related:', resourceId('Microsoft.Web/serverfarms', parameters('apiHostingPlanName')))]": "Resource",
        "displayName": "WebApi"
      },
      "properties": {
        "name": "[variables('WebApi')]",
        "serverFarmId": "[resourceId('Microsoft.Web/serverfarms', parameters('apiHostingPlanName'))]",
        "siteConfig": {
          "remoteDebuggingEnabled": false,
          "webSocketsEnabled": false,
          "requestTracingEnabled": true,
          "httpLoggingEnabled": true,
          "detailedErrorLoggingEnabled": true,
          "minTlsVersion": 1.2,
          "appSettings": [
              {
                  "name": "AzureWebJobsStorage",
                  "value": "[concat('DefaultEndpointsProtocol=https;AccountName=', variables('storageName'), ';EndpointSuffix=', environment().suffixes.storage, ';AccountKey=',listKeys(resourceId('Microsoft.Storage/storageAccounts', variables('storageName')), '2019-06-01').keys[0].value)]"
              },
              {
                "name": "AuthNSettings__ScannerIdentityConnectionString",
                "value": "[concat('RunAs=App;AppId=',reference(concat('Microsoft.ManagedIdentity/userAssignedIdentities/', variables('internalMIName')), '2018-11-30').clientId)]"
              },
              {
               "name": "AuthNSettings__InternalIdentityConnectionString",
               "value": "[concat('RunAs=App;AppId=',reference(concat('Microsoft.ManagedIdentity/userAssignedIdentities/', variables('internalMIName')), '2018-11-30').clientId)]"
              },
              {
                "name":"AADClientAppDetails__ResourceId",
                "value": "[concat('api://',parameters('WebApiClientId'))]"
              },
              {
                "name":"AADClientAppDetails__Instance",
                "value": "https://login.microsoftonline.com/"
              },
              {
                "name":"AADClientAppDetails__ClientId",
                "value": "[parameters('WebApiClientId')]"
              },
              {
                "name":"AADClientAppDetails__TenantId",
                "value": "[parameters('TenantId')]"
              },
              {
                "name":"AADClientAppDetails__Issuer",
                "value": "[concat('https://login.microsoftonline.com/',parameters('TenantId'),'/v2.0')]"
              },
              {
                "name": "CorsPolicySettings__OriginUrl",
                "value": "[concat('https://',variables('WebApp'),'.azurewebsites.net')]"
              },
              {
                "name": "WEBSITE_CONTENTSHARE",
                "value": "[toLower(variables('WebApi'))]"
              },
              {
                "name": "WEBSITE_NODE_DEFAULT_VERSION",
                "value": "~10"
              },
              {
                "name": "APPINSIGHTS_INSTRUMENTATIONKEY",
                "value": "[reference(resourceId('microsoft.insights/components', variables('applicationInsightsName')), '2020-02-02-preview').InstrumentationKey]"
              },
              {
                "name": "ApplicationInsights__InstrumentationKey",
                "value": "[reference(resourceId('microsoft.insights/components', variables('applicationInsightsName')), '2020-02-02-preview').InstrumentationKey]"
              },
              {
                "name": "AIConfigurations__ResourceId",
                "value": "[resourceId('microsoft.insights/components', variables('applicationInsightsName'))]"
              },
              {
                "name": "AzureStorageSettings__ResourceId",
                "value": "[resourceId('Microsoft.Storage/storageAccounts/', variables('storageName'))]"
              },
              {
                "name": "LAConfigurations__ResourceId",
                "value": "[resourceId('Microsoft.OperationalInsights/workspaces/', variables('workspaceName'))]"
              },
              {
                "name": "LAConfigurations__WorkspaceId",
                "value": "[reference(resourceId('Microsoft.OperationalInsights/workspaces', variables('workspaceName')), '2017-03-15-preview').customerId]"
              },
              {
                "name": "WEBSITE_CONTENTAZUREFILECONNECTIONSTRING",
                "value": "[concat('DefaultEndpointsProtocol=https;AccountName=', variables('storageName'), ';EndpointSuffix=', environment().suffixes.storage, ';AccountKey=',listKeys(resourceId('Microsoft.Storage/storageAccounts', variables('storageName')), '2019-06-01').keys[0].value)]"
              }
            ],
            "cors": {
              "allowedOrigins": [
                "[concat('https://',toLower(variables('WebApp')),'.azurewebsites.net')]"
              ]
            }
          }
      },
      "resources": [
        {
          "apiVersion": "2018-11-01",
          "name": "MSDeploy",
          "type": "Extensions",
          "dependsOn": [
            "[concat('Microsoft.Web/sites/', variables('WebApi'))]"
          ],
          "properties": {
            "packageUri": "https://azsk-ats-cdn-ring0.azureedge.net/azsk-ats-packages/WebApi/Latest/WebApi.zip"
          }
        }
      ]
    },

{
      "name": "[variables('WebApp')]",
      "type": "Microsoft.Web/sites",
      "location": "[resourceGroup().location]",
      "apiVersion": "2015-08-01",
      "dependsOn": [
        "[resourceId('Microsoft.Web/serverfarms', parameters('apiHostingPlanName'))]",
        "[resourceId('Microsoft.ManagedIdentity/userAssignedIdentities/', variables('internalMIName'))]",
        "[resourceId('Microsoft.Storage/storageAccounts/', variables('storageName'))]",
        "[resourceId('Microsoft.OperationalInsights/workspaces/', variables('workspaceName'))]"
      ],
      "tags": {
        "[concat('hidden-related:', resourceId('Microsoft.Web/serverfarms', parameters('apiHostingPlanName')))]": "Resource",
        "displayName": "WebApp"
      },
      "properties": {
        "name": "[variables('WebApp')]",
        "serverFarmId": "[resourceId('Microsoft.Web/serverfarms', parameters('apiHostingPlanName'))]",
        "siteConfig": {
          "remoteDebuggingEnabled": false,
          "webSocketsEnabled": false,
          "requestTracingEnabled": true,
          "httpLoggingEnabled": true,
          "detailedErrorLoggingEnabled": true,
          "minTlsVersion": 1.2,
          "appSettings": [
              {
                "name": "APPINSIGHTS_INSTRUMENTATIONKEY",
                "value": "[reference(resourceId('microsoft.insights/components', variables('applicationInsightsName')), '2020-02-02-preview').InstrumentationKey]"
              },
              {
                "name":"REACT_APP_API",
                "value":"[concat('https://',variables('WebApi'),'.azurewebsites.net')]"
              },
              {
                "name":"REACT_APP_clientId",
                "value":"[parameters('WebAppClientId')]"
              },
              {
                "name":"REACT_APP_tenantId",
                "value":"[parameters('TenantId')]"
              },
              {
                "name":"REACT_APP_userImpersonation",
                "value":"[parameters('WebApiClientId')]"
              },
              {
                "name": "WEBSITE_CONTENTAZUREFILECONNECTIONSTRING",
                "value": "[concat('DefaultEndpointsProtocol=https;AccountName=', variables('storageName'), ';EndpointSuffix=', environment().suffixes.storage, ';AccountKey=',listKeys(resourceId('Microsoft.Storage/storageAccounts', variables('storageName')), '2019-06-01').keys[0].value)]"
              },
              {
                "name": "WEBSITE_CONTENTSHARE",
                "value": "[toLower(variables('WebApp'))]"
              }
            ]
          }
      },
      "resources": [
        {
          "apiVersion": "2018-11-01",
          "name": "MSDeploy",
          "type": "Extensions",
          "dependsOn": [
            "[concat('Microsoft.Web/sites/', variables('WebApp'))]"
          ],
          "properties": {
            "packageUri": "https://azsk-ats-cdn-ring0.azureedge.net/azsk-ats-packages/WebApp/Latest/WebApp.zip"
          }
        }
      ]
    },
    {
      "name": "[concat(variables('WebApp'), '/', variables('WebAppSlotName'))]",
      "type": "Microsoft.Web/sites/slots",
      "location": "[resourceGroup().location]",
      "apiVersion": "2015-08-01",
      "kind": "app",
      "comments": "This specifies the web app slots.",
      "tags": {
        "displayName": "WebAppSlots"
      },
      "properties": {
        "serverFarmId": "[resourceId('Microsoft.Web/serverfarms', parameters('apiHostingPlanName'))]"
      },
      "dependsOn": [
        "[resourceId('Microsoft.Web/Sites', variables('WebApp'))]"
      ],
      "copy": {
        "name": "webPortalSlot",
        "count": 1
      }
    },
    {
      "apiVersion": "2015-08-01",
      "name": "[variables('MetadataAggregator')]",
      "type": "Microsoft.Web/sites",
      "location": "[resourceGroup().location]",
      "kind": "functionapp",
      "identity": {
        "type": "UserAssigned",
        "userAssignedIdentities": {
          "[resourceId('Microsoft.ManagedIdentity/userAssignedIdentities/', variables('internalMIName'))]": {
          },
          "[parameters('MIResourceId')]": {}
        }
      },
      "tags": {
        "[concat('hidden-related:', resourceGroup().id, '/providers/Microsoft.Web/serverfarms/', parameters('hostingPlanName'))]": "Resource",
        "displayName": "Website"
      },
      "dependsOn": [
        "[resourceId('Microsoft.Web/serverfarms/', parameters('hostingPlanName'))]",
        "[resourceId('Microsoft.ManagedIdentity/userAssignedIdentities/', variables('internalMIName'))]",
        "[resourceId('Microsoft.Storage/storageAccounts/', variables('storageName'))]",
        "[resourceId('Microsoft.OperationalInsights/workspaces/', variables('workspaceName'))]"
      ],
      "properties": {
        "name": "[variables('MetadataAggregator')]",
        "httpsOnly": true,
        "serverFarmId": "[resourceId('Microsoft.Web/serverfarms', parameters('hostingPlanName'))]",
        "siteConfig": {
          "remoteDebuggingEnabled": false,
          "webSocketsEnabled": false,
          "requestTracingEnabled": true,
          "httpLoggingEnabled": true,
          "detailedErrorLoggingEnabled": true,
          "minTlsVersion": 1.2,
          "appSettings": [
              {
                "name": "AzureFunctionsJobHost__functionTimeout",
                "value": "00:09:00"
              },
              {
                  "name": "AzureWebJobsStorage",
                  "value": "[concat('DefaultEndpointsProtocol=https;AccountName=', variables('storageName'), ';EndpointSuffix=', environment().suffixes.storage, ';AccountKey=',listKeys(resourceId('Microsoft.Storage/storageAccounts', variables('storageName')), '2019-06-01').keys[0].value)]"
              },
              {
                "name": "AuthNSettings__ScannerIdentityConnectionString",
                "value": "[concat('RunAs=App;AppId=',reference(parameters('MIResourceId'),'2018-11-30').clientId)]"
              },
              {
               "name": "AuthNSettings__InternalIdentityConnectionString",
               "value": "[concat('RunAs=App;AppId=',reference(concat('Microsoft.ManagedIdentity/userAssignedIdentities/', variables('internalMIName')), '2018-11-30').clientId)]"
              },
              {
                  "name": "WEBSITE_CONTENTAZUREFILECONNECTIONSTRING",
                  "value": "[concat('DefaultEndpointsProtocol=https;AccountName=', variables('storageName'), ';EndpointSuffix=', environment().suffixes.storage, ';AccountKey=',listKeys(resourceId('Microsoft.Storage/storageAccounts', variables('storageName')), '2019-06-01').keys[0].value)]"
              },
              {
                "name": "WEBSITE_CONTENTSHARE",
                "value": "[toLower(variables('MetadataAggregator'))]"
              },
              {
                "name": "FUNCTIONS_EXTENSION_VERSION",
                "value": "~3"
              },
              {
                "name": "WEBSITE_NODE_DEFAULT_VERSION",
                "value": "~10"
              },
              {
                "name": "APPINSIGHTS_INSTRUMENTATIONKEY",
                "value": "[reference(resourceId('microsoft.insights/components', variables('applicationInsightsName')), '2020-02-02-preview').InstrumentationKey]"
              },
              {
                "name": "AIConfigurations__ResourceId",
                "value": "[resourceId('microsoft.insights/components', variables('applicationInsightsName'))]"
              },
              {
                "name": "AzureStorageSettings__ResourceId",
                "value": "[resourceId('Microsoft.Storage/storageAccounts/', variables('storageName'))]"
              },
              {
                "name": "LAConfigurations__ResourceId",
                "value": "[resourceId('Microsoft.OperationalInsights/workspaces/', variables('workspaceName'))]"
              },
              {
                "name": "LAConfigurations__WorkspaceId",
                "value": "[reference(resourceId('Microsoft.OperationalInsights/workspaces', variables('workspaceName')), '2017-03-15-preview').customerId]"
              },
              {
                "name": "FUNCTIONS_WORKER_RUNTIME",
                "value": "[variables('functionWorkerRuntime')]"
              },
              {
                "name": "RuleEngine__WorkflowName",
                "value": "[parameters('RuleEngineWorkflowName')]"
              }
            ]
          }
      },
      "resources": [
        {
          "apiVersion": "2018-11-01",
          "name": "MSDeploy",
          "type": "Extensions",
          "dependsOn": [
            "[concat('Microsoft.Web/sites/', variables('MetadataAggregator'))]"
          ],
          "properties": {
            "packageUri": "https://azsk-ats-cdn-ring0.azureedge.net/azsk-ats-packages/MetadataAggregator/Latest/MetadataAggregator.zip"
          }
        }
      ]
    },
    {
      "apiVersion": "2015-08-01",
      "name": "[variables('WorkItemProcessor')]",
      "type": "Microsoft.Web/sites",
      "location": "[resourceGroup().location]",
      "kind": "functionapp",
      "identity": {
        "type": "UserAssigned",
        "userAssignedIdentities": {
          "[resourceId('Microsoft.ManagedIdentity/userAssignedIdentities/', variables('internalMIName'))]": {
          },
          "[parameters('MIResourceId')]": {}
        }
      },
      "tags": {
        "[concat('hidden-related:', resourceGroup().id, '/providers/Microsoft.Web/serverfarms/', parameters('hostingPlanName'))]": "Resource",
        "displayName": "Website"
      },
      "dependsOn": [
        "[resourceId('Microsoft.Web/serverfarms/', parameters('hostingPlanName'))]",
        "[resourceId('Microsoft.ManagedIdentity/userAssignedIdentities/', variables('internalMIName'))]",
        "[resourceId('Microsoft.Storage/storageAccounts/', variables('storageName'))]",
        "[resourceId('Microsoft.OperationalInsights/workspaces/', variables('workspaceName'))]"
      ],
      "properties": {
        "name": "[variables('WorkItemProcessor')]",
        "httpsOnly": true,
        "serverFarmId": "[resourceId('Microsoft.Web/serverfarms', parameters('hostingPlanName'))]",
        "siteConfig": {
          "remoteDebuggingEnabled": false,
          "webSocketsEnabled": false,
          "requestTracingEnabled": true,
          "httpLoggingEnabled": true,
          "detailedErrorLoggingEnabled": true,
          "minTlsVersion" : 1.2,

          "appSettings": [
            {
              "name": "AzureFunctionsJobHost__functionTimeout",
              "value": "00:09:00"
            },
            {
                "name": "AzureWebJobsStorage",
                "value": "[concat('DefaultEndpointsProtocol=https;AccountName=', variables('storageName'), ';EndpointSuffix=', environment().suffixes.storage, ';AccountKey=',listKeys(resourceId('Microsoft.Storage/storageAccounts', variables('storageName')), '2019-06-01').keys[0].value)]"
            },
            {
              "name": "AuthNSettings__ScannerIdentityConnectionString",
              "value": "[concat('RunAs=App;AppId=',reference(parameters('MIResourceId'),'2018-11-30').clientId)]"
            },
            {
             "name": "AuthNSettings__InternalIdentityConnectionString",
             "value": "[concat('RunAs=App;AppId=',reference(concat('Microsoft.ManagedIdentity/userAssignedIdentities/', variables('internalMIName')), '2018-11-30').clientId)]"
            },
            {
                "name": "WEBSITE_CONTENTAZUREFILECONNECTIONSTRING",
                "value": "[concat('DefaultEndpointsProtocol=https;AccountName=', variables('storageName'), ';EndpointSuffix=', environment().suffixes.storage, ';AccountKey=',listKeys(resourceId('Microsoft.Storage/storageAccounts', variables('storageName')), '2019-06-01').keys[0].value)]"
            },
            {
              "name": "WEBSITE_CONTENTSHARE",
              "value": "[toLower(variables('WorkItemProcessor'))]"
            },
            {
              "name": "FUNCTIONS_EXTENSION_VERSION",
              "value": "~3"
            },
            {
              "name": "WEBSITE_NODE_DEFAULT_VERSION",
              "value": "~10"
            },
            {
              "name": "APPINSIGHTS_INSTRUMENTATIONKEY",
              "value": "[reference(resourceId('microsoft.insights/components', variables('applicationInsightsName')), '2020-02-02-preview').InstrumentationKey]"
            },
            {
              "name": "AIConfigurations__ResourceId",
              "value": "[resourceId('microsoft.insights/components', variables('applicationInsightsName'))]"
            },
            {
              "name": "AzureStorageSettings__ResourceId",
              "value": "[resourceId('Microsoft.Storage/storageAccounts/', variables('storageName'))]"
            },
            {
              "name": "LAConfigurations__ResourceId",
              "value": "[resourceId('Microsoft.OperationalInsights/workspaces/', variables('workspaceName'))]"
            },
            {
              "name": "LAConfigurations__WorkspaceId",
              "value": "[reference(resourceId('Microsoft.OperationalInsights/workspaces', variables('workspaceName')), '2017-03-15-preview').customerId]"
            },
            {
              "name": "FUNCTIONS_WORKER_RUNTIME",
              "value": "[variables('functionWorkerRuntime')]"
            },
            {
              "name": "queueTriggerName",
              "value": "subjobqueue"
            }
          ]
          }
      },
      "resources": [
        {
          "apiVersion": "2018-11-01",
          "name": "MSDeploy",
          "type": "Extensions",
          "dependsOn": [
            "[concat('Microsoft.Web/sites/', variables('WorkItemProcessor'))]"
          ],
          "properties": {
            "packageUri": "https://azsk-ats-cdn-ring0.azureedge.net/azsk-ats-packages/WorkItemProcessor/Latest/WorkItemProcessor.zip"
          }
        }
      ]
    },
    {
      "apiVersion": "2015-08-01",
      "name": "[variables('AutoUpdater')]",
      "type": "Microsoft.Web/sites",
      "location": "[resourceGroup().location]",
      "kind": "functionapp",
      "identity": {
        "type": "UserAssigned",
        "userAssignedIdentities": {
          "[resourceId('Microsoft.ManagedIdentity/userAssignedIdentities/', variables('internalMIName'))]": {
          }
        }
      },
      "tags": {
        "[concat('hidden-related:', resourceGroup().id, '/providers/Microsoft.Web/serverfarms/', parameters('hostingPlanName'))]": "Resource",
        "displayName": "Website"
      },
      "dependsOn": [
        "[resourceId('Microsoft.Web/serverfarms/', parameters('hostingPlanName'))]",
        "[resourceId('Microsoft.ManagedIdentity/userAssignedIdentities/', variables('internalMIName'))]",
        "[resourceId('Microsoft.Storage/storageAccounts/', variables('storageName'))]",
        "[resourceId('Microsoft.OperationalInsights/workspaces/', variables('workspaceName'))]"
      ],
      "properties": {
        "name": "[variables('AutoUpdater')]",
        "httpsOnly": true,
        "serverFarmId": "[resourceId('Microsoft.Web/serverfarms', parameters('hostingPlanName'))]",
        "siteConfig": {
          "remoteDebuggingEnabled": false,
          "webSocketsEnabled": false,
          "requestTracingEnabled": true,
          "httpLoggingEnabled": true,
          "detailedErrorLoggingEnabled": true,
          "minTlsVersion" : 1.2,

          "appSettings": [
            {
              "name": "AIConfigurations__AnonymousUsageTelemetry__Id",
              "value": "[parameters('AnonymousUsageTelemetryId')]"
            },
            {
              "name": "AzureFunctionsJobHost__functionTimeout",
              "value": "00:09:00"
            },
            {
                "name": "AzureWebJobsStorage",
                "value": "[concat('DefaultEndpointsProtocol=https;AccountName=', variables('storageName'), ';EndpointSuffix=', environment().suffixes.storage, ';AccountKey=',listKeys(resourceId('Microsoft.Storage/storageAccounts', variables('storageName')), '2019-06-01').keys[0].value)]"
            },
            {
              "name": "AuthNSettings__ScannerIdentityConnectionString",
              "value": "[concat('RunAs=App;AppId=',reference(concat('Microsoft.ManagedIdentity/userAssignedIdentities/', variables('internalMIName')), '2018-11-30').clientId)]"
            },
            {
             "name": "AuthNSettings__InternalIdentityConnectionString",
             "value": "[concat('RunAs=App;AppId=',reference(concat('Microsoft.ManagedIdentity/userAssignedIdentities/', variables('internalMIName')), '2018-11-30').clientId)]"
            },
            {
                "name": "WEBSITE_CONTENTAZUREFILECONNECTIONSTRING",
                "value": "[concat('DefaultEndpointsProtocol=https;AccountName=', variables('storageName'), ';EndpointSuffix=', environment().suffixes.storage, ';AccountKey=',listKeys(resourceId('Microsoft.Storage/storageAccounts', variables('storageName')), '2019-06-01').keys[0].value)]"
            },
            {
              "name": "WEBSITE_CONTENTSHARE",
              "value": "[toLower(variables('AutoUpdater'))]"
            },
            {
              "name": "FUNCTIONS_EXTENSION_VERSION",
              "value": "~3"
            },
            {
              "name": "WEBSITE_NODE_DEFAULT_VERSION",
              "value": "~10"
            },
            {
              "name": "APPINSIGHTS_INSTRUMENTATIONKEY",
              "value": "[reference(resourceId('microsoft.insights/components', variables('applicationInsightsName')), '2020-02-02-preview').InstrumentationKey]"
            },
            {
              "name": "AIConfigurations__ResourceId",
              "value": "[resourceId('microsoft.insights/components', variables('applicationInsightsName'))]"
            },
            {
              "name": "FUNCTIONS_WORKER_RUNTIME",
              "value": "[variables('functionWorkerRuntime')]"
            },
            {
              "name": "AppMetadata__HostSubscriptionId",
              "value": "[subscription().subscriptionId]"
            },
            {
              "name": "AppMetadata__HostResourceGroupName",
              "value": "[resourceGroup().name]"
            },
            {
              "name": "AppMetadata__AppPostfix",
              "value": "[parameters('ResourceHash')]"
            },
            {
              "name": "AIConfigurations__AnonymousUsageTelemetry__LogLevel",
              "value": "[parameters('AnonymousUsageTelemetryLogLevel')]"
            },
            {
              "name": "WEBSITE_RUN_FROM_PACKAGE",
              "value": "0"
            }
          ]
          }
      },
      "resources": [
        {
          "apiVersion": "2018-11-01",
          "name": "MSDeploy",
          "type": "Extensions",
          "dependsOn": [
            "[concat('Microsoft.Web/sites/', variables('AutoUpdater'))]"
          ],
          "properties": {
            "packageUri": "https://azsk-ats-cdn-ring0.azureedge.net/azsk-ats-packages/AutoUpdater/Latest/AutoUpdater.zip"
          }
        }
      ]
    },
    {
      "type": "Microsoft.Authorization/roleAssignments",
      "apiVersion": "2017-09-01",
      "name": "[variables('rgRoleAssignmentName')]",
      "properties": {
        "roleDefinitionId": "[variables('contributorRoleId')]",
        "principalId": "[reference(concat('Microsoft.ManagedIdentity/userAssignedIdentities/', variables('internalMIName')), '2018-11-30').principalId]",
        "scope": "[resourceGroup().id]"
      },
      "dependsOn": [
        "[resourceId('Microsoft.ManagedIdentity/userAssignedIdentities/', variables('internalMIName'))]",
        "[resourceId('Microsoft.Web/serverfarms/', parameters('hostingPlanName'))]",
        "[resourceId('Microsoft.Storage/storageAccounts/', variables('storageName'))]",
        "[resourceId('Microsoft.OperationalInsights/workspaces/', variables('workspaceName'))]"
      ]
    },
    {
      "type": "microsoft.insights/components",
      "apiVersion": "2020-02-02-preview",
      "name": "[variables('applicationInsightsName')]",
      "location": "[resourceGroup().location]",
      "tags": {
        "[concat('hidden-link:', resourceId('Microsoft.Web/sites', variables('applicationInsightsName')))]": "Resource"
      },
      "properties": {
        "ApplicationId": "[variables('applicationInsightsName')]",
        "Request_Source": "WebAppCreate"
      }
    }
  ],
  "outputs": {
    "storageId": {
      "type": "string",
      "value": "[resourceId('Microsoft.Storage/storageAccounts/', variables('storageName'))]"
    },
    "serverfarmId": {
      "type": "string",
      "value": "[resourceId('Microsoft.Web/serverfarms/', parameters('hostingPlanName'))]"
    },
    "storageQueueName":{
      "type": "string",
      "value": "[parameters('storageQueueName')]"
    },
    "webAppName":{
      "type": "string",
      "value": "[variables('WebApp')]"
    },
    "webApiName":{
      "type": "string",
      "value": "[variables('WebApi')]"
    }
   
  }
}