{
    "MaintenanceMessage":  "WARNING: We are making some improvements to the {0} module. It is currently unavailable but will be back in action soon.",
    "AzSKRGName":  "AzSKRG",
    "AzSKRepoURL":  "https://www.powershellgallery.com",
    "CASetupRunbookURL":  "https://azsdkossep.azureedge.net/1.0.0/RunbookCoreSetup.ps1",
    "PublicPSGalleryUrl":  "https://www.powershellgallery.com",
    "SubscriptionMandatoryTags":  [
                                      "Mandatory"
                                  ],
    "DefaultControlExculdeTags":  [
                                      "Information"
                                  ],
    "DefaultControlFiltersTags":  [

                                  ],
    "ERvNetResourceGroupNames":  "",
    "AzSKApiBaseURL":  "",
    "PublishVulnDataToApi":  false,
    "ControlTelemetryKey":  "00000000-0000-0000-0000-000000000000",
    "EnableControlTelemetry":  false,
    "PolicyMessage":  "Running AzSK cmdlet using a generic (org-neutral) policy...",
    "UpdateCompatibleCCVersion":  "1.0.0",
    "AzSKCAMinReqdRunbookVersion":  "2.1709.0",
    "AzSKAlertsMinReqdVersion":  "2.1709.0",
    "AzSKARMPolMinReqdVersion":  "2.1709.0",
    "AzSKASCMinReqdVersion":  "2.1709.0",
    "InstallationCommand":  "Install-Module -Name AzSK -Scope CurrentUser -AllowClobber -Force",
    "OutputFolderPath":  "",
    "BackwardCompatibleVersionCount":  2,
    "AzSKCARunbookVersion":  "3.1902.0",
    "ConfigSchemaBaseVersion":  "3.1803.0",
    "RunbookScanAgentBaseVersion":  "1.0.0",
    "AllowSelfSignedWebhookCertificate":  false,
    "CAScanIntervalInHours":  24,
    "EnableDevOpsKitSetupCheck":  false,
    "AzSKLocation":  "eastus2",
    "PrivacyAcceptedSources":  [

                               ],
    "UpdateToLatestVersion":  false,
    "AzSKConfigURL":  "https://azsdkossep.azureedge.net/1.0.0/AzSK.Pre.json",
    "IsAlertMonitoringEnabled":  false,
    "SupportDL":  "azsksupext@microsoft.com",
    "PolicyOrgName":  "org-neutral",
    "StoreComplianceSummaryInUserSubscriptions":  false,
    "SchemaTemplateURL":  "https://azsdkossep.azureedge.net/schemas/3.1803.0/",
    "AzSKInitiativeName":  "AzSKInitiative-Preview",
    "EnableAzurePolicyBasedScan":  false
}
