﻿{  
  "Version": "3.1810.0",
  "Features": [   
    {
      "Name": "EnableAzurePolicyBasedScan",
      "Description" : "",
      "Sources" : ["*"],
      "EnabledForSubs": [],
      "DisabledForSubs": [],      
      "UnderPreview" : false,
      "IsEnabled": false      
    },
    {
      "Name": "IsSetAzStorageBlobAvailable",
      "Description" : "",
      "Sources" : ["*"],
      "EnabledForSubs": [],
      "DisabledForSubs": [],      
      "UnderPreview" : false,
      "IsEnabled": true      
    },
    {
      "Name": "EnableAnonymousAccessCheckUsingAPI",
      "Description" : "",
      "Sources" : ["*"],
      "EnabledForSubs": [],
      "DisabledForSubs": [],      
      "UnderPreview" : false,
      "IsEnabled": true
    },
    {
      "Name": "EnableAppServiceAADAuthAllowAnonymousCheck",
      "Description" : "",
      "Sources" : ["*"],
      "EnabledForSubs": [],
      "DisabledForSubs": [],      
      "UnderPreview" : false,
      "IsEnabled": false
    },
    {
      "Name": "EnableListenerReset",
      "Description" : "",
      "Sources" : ["*"],
      "EnabledForSubs": [],
      "DisabledForSubs": [],      
      "UnderPreview" : false,
      "IsEnabled": false
    },
    {
      "Name": "EnableResourceGroupTagTelemetry",
      "Description" : "",
      "Sources" : ["*"],
      "EnabledForSubs": [],
      "DisabledForSubs": [],      
      "UnderPreview" : false,
      "IsEnabled": false
    }

  ]
}